Episode_Title,Season_Episode,Season_Number,Episode_Rating,Series_Name
Remembrance,"S1, Ep1",S1,8.3,Star Trek: Picard
Maps and Legends,"S1, Ep2",S1,7.4,Star Trek: Picard
The End Is the Beginning,"S1, Ep3",S1,7.4,Star Trek: Picard
Absolute Candor,"S1, Ep4",S1,7.2,Star Trek: Picard
Stardust City Rag,"S1, Ep5",S1,6.9,Star Trek: Picard
The Impossible Box,"S1, Ep6",S1,7.9,Star Trek: Picard
Nepenthe,"S1, Ep7",S1,8.4,Star Trek: Picard
Broken Pieces,"S1, Ep8",S1,7.8,Star Trek: Picard
"Et in Arcadia Ego, Part 1","S1, Ep9",S1,7.2,Star Trek: Picard
"Et in Arcadia Ego, Part 2","S1, Ep10",S1,7.5,Star Trek: Picard
Pilot,"S1, Ep1",S1,8.9,Twin Peaks
Episode #1.2,"S1, Ep2",S1,8.4,Twin Peaks
Episode #1.3,"S1, Ep3",S1,9.0,Twin Peaks
Episode #1.4,"S1, Ep4",S1,8.3,Twin Peaks
Episode #1.5,"S1, Ep5",S1,8.2,Twin Peaks
Episode #1.6,"S1, Ep6",S1,8.6,Twin Peaks
Episode #1.7,"S1, Ep7",S1,8.6,Twin Peaks
Episode #1.8,"S1, Ep8",S1,9.1,Twin Peaks
Episode #2.1,"S2, Ep1",S2,9.0,Twin Peaks
Episode #2.2,"S2, Ep2",S2,8.7,Twin Peaks
Episode #2.3,"S2, Ep3",S2,8.3,Twin Peaks
Episode #2.4,"S2, Ep4",S2,8.1,Twin Peaks
Episode #2.5,"S2, Ep5",S2,8.4,Twin Peaks
Episode #2.6,"S2, Ep6",S2,8.5,Twin Peaks
Episode #2.7,"S2, Ep7",S2,9.4,Twin Peaks
Episode #2.8,"S2, Ep8",S2,8.6,Twin Peaks
Episode #2.9,"S2, Ep9",S2,9.3,Twin Peaks
Episode #2.10,"S2, Ep10",S2,7.9,Twin Peaks
Episode #2.11,"S2, Ep11",S2,7.5,Twin Peaks
Episode #2.12,"S2, Ep12",S2,7.5,Twin Peaks
Episode #2.13,"S2, Ep13",S2,7.8,Twin Peaks
Episode #2.14,"S2, Ep14",S2,7.7,Twin Peaks
Episode #2.15,"S2, Ep15",S2,7.4,Twin Peaks
Episode #2.16,"S2, Ep16",S2,7.9,Twin Peaks
Episode #2.17,"S2, Ep17",S2,7.6,Twin Peaks
Episode #2.18,"S2, Ep18",S2,8.1,Twin Peaks
Episode #2.19,"S2, Ep19",S2,8.0,Twin Peaks
Episode #2.20,"S2, Ep20",S2,8.3,Twin Peaks
Episode #2.21,"S2, Ep21",S2,8.6,Twin Peaks
Episode #2.22,"S2, Ep22",S2,9.3,Twin Peaks
The Train Job,"S1, Ep1",S1,8.5,Firefly
Bushwhacked,"S1, Ep2",S1,8.5,Firefly
Our Mrs. Reynolds,"S1, Ep3",S1,9.0,Firefly
Jaynestown,"S1, Ep4",S1,8.7,Firefly
Out of Gas,"S1, Ep5",S1,9.4,Firefly
Shindig,"S1, Ep6",S1,8.5,Firefly
Safe,"S1, Ep7",S1,8.3,Firefly
Ariel,"S1, Ep8",S1,9.0,Firefly
War Stories,"S1, Ep9",S1,8.9,Firefly
Objects in Space,"S1, Ep10",S1,9.2,Firefly
Serenity,"S1, Ep11",S1,8.9,Firefly
Heart of Gold,"S1, Ep12",S1,8.4,Firefly
Trash,"S1, Ep13",S1,8.8,Firefly
The Message,"S1, Ep14",S1,8.5,Firefly
Cruelty,"S1, Ep1",S1,8.6,Demon Slayer: Kimetsu No Yaiba
Trainer Sakonji Urokodaki,"S1, Ep2",S1,8.2,Demon Slayer: Kimetsu No Yaiba
Sabito and Makomo,"S1, Ep3",S1,8.5,Demon Slayer: Kimetsu No Yaiba
Final Selection,"S1, Ep4",S1,9.0,Demon Slayer: Kimetsu No Yaiba
My Own Steel,"S1, Ep5",S1,8.4,Demon Slayer: Kimetsu No Yaiba
Swordsman Accompanying a Demon,"S1, Ep6",S1,8.3,Demon Slayer: Kimetsu No Yaiba
Muzan Kibutsuji,"S1, Ep7",S1,9.0,Demon Slayer: Kimetsu No Yaiba
The Smell of Enchanting Blood,"S1, Ep8",S1,8.7,Demon Slayer: Kimetsu No Yaiba
Temari Demon and Arrow Demon,"S1, Ep9",S1,8.7,Demon Slayer: Kimetsu No Yaiba
Together Forever,"S1, Ep10",S1,8.7,Demon Slayer: Kimetsu No Yaiba
Tsuzumi Mansion,"S1, Ep11",S1,7.7,Demon Slayer: Kimetsu No Yaiba
"The Boar Bares Its Fangs, Zenitsu Sleeps","S1, Ep12",S1,8.3,Demon Slayer: Kimetsu No Yaiba
Something More Important Than Life,"S1, Ep13",S1,8.5,Demon Slayer: Kimetsu No Yaiba
The House with the Wisteria Family Crest,"S1, Ep14",S1,8.1,Demon Slayer: Kimetsu No Yaiba
Mount Natagumo,"S1, Ep15",S1,8.3,Demon Slayer: Kimetsu No Yaiba
Letting Someone Else Go First,"S1, Ep16",S1,9.0,Demon Slayer: Kimetsu No Yaiba
You Must Master a Single Thing,"S1, Ep17",S1,9.2,Demon Slayer: Kimetsu No Yaiba
A Forged Bond,"S1, Ep18",S1,9.3,Demon Slayer: Kimetsu No Yaiba
Hinokami,"S1, Ep19",S1,9.8,Demon Slayer: Kimetsu No Yaiba
Pretend Family,"S1, Ep20",S1,9.1,Demon Slayer: Kimetsu No Yaiba
Against Corps Rules,"S1, Ep21",S1,8.8,Demon Slayer: Kimetsu No Yaiba
Master of the Mansion,"S1, Ep22",S1,8.7,Demon Slayer: Kimetsu No Yaiba
Hashira Meeting,"S1, Ep23",S1,8.2,Demon Slayer: Kimetsu No Yaiba
Rehabilitation Training,"S1, Ep24",S1,8.1,Demon Slayer: Kimetsu No Yaiba
"Tsuguko, Kanao Tsuyuri","S1, Ep25",S1,8.2,Demon Slayer: Kimetsu No Yaiba
New Mission,"S1, Ep26",S1,9.1,Demon Slayer: Kimetsu No Yaiba
Unaired 2013 Pilot,"S1, Ep1",S1,9.2,The Night Of
The Beach,"S1, Ep2",S1,8.4,The Night Of
Subtle Beast,"S1, Ep3",S1,8.5,The Night Of
A Dark Crate,"S1, Ep4",S1,8.8,The Night Of
The Art of War,"S1, Ep5",S1,8.7,The Night Of
The Season of the Witch,"S1, Ep6",S1,8.3,The Night Of
Samson and Delilah,"S1, Ep7",S1,9.0,The Night Of
Ordinary Death,"S1, Ep8",S1,9.1,The Night Of
Episode #1.1,"S1, Ep1",S1,7.8,Mindhunter
Episode #1.2,"S1, Ep2",S1,8.5,Mindhunter
Episode #1.3,"S1, Ep3",S1,8.3,Mindhunter
Episode #1.4,"S1, Ep4",S1,8.3,Mindhunter
Episode #1.5,"S1, Ep5",S1,8.7,Mindhunter
Episode #1.6,"S1, Ep6",S1,8.0,Mindhunter
Episode #1.7,"S1, Ep7",S1,8.3,Mindhunter
Episode #1.8,"S1, Ep8",S1,8.2,Mindhunter
Episode #1.9,"S1, Ep9",S1,8.7,Mindhunter
Episode #1.10,"S1, Ep10",S1,9.2,Mindhunter
Episode #2.1,"S2, Ep1",S2,8.2,Mindhunter
Episode #2.2,"S2, Ep2",S2,8.7,Mindhunter
Episode #2.3,"S2, Ep3",S2,8.3,Mindhunter
Episode #2.4,"S2, Ep4",S2,8.6,Mindhunter
Episode #2.5,"S2, Ep5",S2,9.0,Mindhunter
Episode #2.6,"S2, Ep6",S2,8.2,Mindhunter
Episode #2.7,"S2, Ep7",S2,8.3,Mindhunter
Episode #2.8,"S2, Ep8",S2,8.6,Mindhunter
Episode #2.9,"S2, Ep9",S2,8.8,Mindhunter
Currahee,"S1, Ep1",S1,8.7,Band of Brothers
Day of Days,"S1, Ep2",S1,9.2,Band of Brothers
Carentan,"S1, Ep3",S1,9.0,Band of Brothers
Replacements,"S1, Ep4",S1,8.9,Band of Brothers
Crossroads,"S1, Ep5",S1,8.9,Band of Brothers
Bastogne,"S1, Ep6",S1,9.2,Band of Brothers
The Breaking Point,"S1, Ep7",S1,9.4,Band of Brothers
The Last Patrol,"S1, Ep8",S1,8.8,Band of Brothers
Why We Fight,"S1, Ep9",S1,9.5,Band of Brothers
Points,"S1, Ep10",S1,9.2,Band of Brothers
Chapter 1: The Mandalorian,"S1, Ep1",S1,8.7,The Mandalorian
Chapter 2: The Child,"S1, Ep2",S1,8.6,The Mandalorian
Chapter 3: The Sin,"S1, Ep3",S1,9.1,The Mandalorian
Chapter 4: Sanctuary,"S1, Ep4",S1,7.8,The Mandalorian
Chapter 5: The Gunslinger,"S1, Ep5",S1,7.6,The Mandalorian
Chapter 6: The Prisoner,"S1, Ep6",S1,8.3,The Mandalorian
Chapter 7: The Reckoning,"S1, Ep7",S1,9.1,The Mandalorian
Chapter 8: Redemption,"S1, Ep8",S1,9.3,The Mandalorian
Chapter 9: The Marshal,"S2, Ep1",S2,8.9,The Mandalorian
Chapter 10: The Passenger,"S2, Ep2",S2,7.9,The Mandalorian
Chapter 11: The Heiress,"S2, Ep3",S2,8.8,The Mandalorian
Chapter 12: The Siege,"S2, Ep4",S2,8.4,The Mandalorian
Chapter 13: The Jedi,"S2, Ep5",S2,9.5,The Mandalorian
Chapter 14: The Tragedy,"S2, Ep6",S2,9.2,The Mandalorian
Chapter 15: The Believer,"S2, Ep7",S2,9.0,The Mandalorian
Chapter 16: The Rescue,"S2, Ep8",S2,9.8,The Mandalorian
The Big Bang,"S1, Ep1",S1,8.2,Atlanta
Streets on Lock,"S1, Ep2",S1,8.6,Atlanta
Go for Broke,"S1, Ep3",S1,8.2,Atlanta
The Streisand Effect,"S1, Ep4",S1,8.3,Atlanta
Nobody Beats the Biebs,"S1, Ep5",S1,8.1,Atlanta
Value,"S1, Ep6",S1,7.9,Atlanta
B.A.N.,"S1, Ep7",S1,9.3,Atlanta
The Club,"S1, Ep8",S1,8.8,Atlanta
Juneteenth,"S1, Ep9",S1,8.5,Atlanta
The Jacket,"S1, Ep10",S1,8.7,Atlanta
Alligator Man,"S2, Ep1",S2,9.0,Atlanta
Sportin' Waves,"S2, Ep2",S2,8.3,Atlanta
Money Bag Shawty,"S2, Ep3",S2,8.5,Atlanta
Helen,"S2, Ep4",S2,8.0,Atlanta
Barbershop,"S2, Ep5",S2,9.1,Atlanta
Teddy Perkins,"S2, Ep6",S2,9.7,Atlanta
Champagne Papi,"S2, Ep7",S2,7.5,Atlanta
Woods,"S2, Ep8",S2,8.9,Atlanta
North of the Border,"S2, Ep9",S2,9.0,Atlanta
FUBU,"S2, Ep10",S2,8.9,Atlanta
Crabs in a Barrel,"S2, Ep11",S2,8.7,Atlanta
Somebody's Dead,"S1, Ep1",S1,8.1,Big Little Lies
Serious Mothering,"S1, Ep2",S1,8.2,Big Little Lies
Living the Dream,"S1, Ep3",S1,8.4,Big Little Lies
Push Comes to Shove,"S1, Ep4",S1,8.3,Big Little Lies
Once Bitten,"S1, Ep5",S1,8.7,Big Little Lies
Burning Love,"S1, Ep6",S1,8.6,Big Little Lies
You Get What You Need,"S1, Ep7",S1,9.5,Big Little Lies
What Have They Done?,"S2, Ep1",S2,8.2,Big Little Lies
Tell-Tale Hearts,"S2, Ep2",S2,8.8,Big Little Lies
The End of the World,"S2, Ep3",S2,8.1,Big Little Lies
She Knows,"S2, Ep4",S2,8.2,Big Little Lies
Kill Me,"S2, Ep5",S2,8.2,Big Little Lies
The Bad Mother,"S2, Ep6",S2,8.8,Big Little Lies
I Want to Know,"S2, Ep7",S2,8.8,Big Little Lies
"Dekalog, jeden","S1, Ep1",S1,8.6,Dekalog
"Dekalog, dwa","S1, Ep2",S1,7.8,Dekalog
"Dekalog, trzy","S1, Ep3",S1,7.5,Dekalog
"Dekalog, cztery","S1, Ep4",S1,8.4,Dekalog
"Dekalog, piec","S1, Ep5",S1,8.5,Dekalog
"Dekalog, szesc","S1, Ep6",S1,8.7,Dekalog
"Dekalog, siedem","S1, Ep7",S1,7.9,Dekalog
"Dekalog, osiem","S1, Ep8",S1,7.5,Dekalog
"Dekalog, dziewiec","S1, Ep9",S1,8.2,Dekalog
"Dekalog, dziesiec","S1, Ep10",S1,8.4,Dekalog
Steven Sees a Ghost,"S1, Ep1",S1,8.2,The Haunting of Hill House
Open Casket,"S1, Ep2",S1,8.0,The Haunting of Hill House
Touch,"S1, Ep3",S1,8.7,The Haunting of Hill House
The Twin Thing,"S1, Ep4",S1,8.6,The Haunting of Hill House
The Bent-Neck Lady,"S1, Ep5",S1,9.5,The Haunting of Hill House
Two Storms,"S1, Ep6",S1,9.4,The Haunting of Hill House
Eulogy,"S1, Ep7",S1,8.3,The Haunting of Hill House
Witness Marks,"S1, Ep8",S1,8.9,The Haunting of Hill House
Screaming Meemies,"S1, Ep9",S1,8.9,The Haunting of Hill House
Silence Lay Steadily,"S1, Ep10",S1,8.6,The Haunting of Hill House
The Rules of the Beast,"S1, Ep1",S1,8.1,Dracula
Blood Vessel,"S1, Ep2",S1,7.6,Dracula
The Dark Compass,"S1, Ep3",S1,5.2,Dracula
Knight Rider,"S1, Ep0",S1,6.0,Knight Rider
A Knight in Shining Armor,"S1, Ep1",S1,6.1,Knight Rider
Journey to the End of the Knight,"S1, Ep2",S1,6.5,Knight Rider
Knight of the Iguana,"S1, Ep3",S1,6.6,Knight Rider
A Hard Day's Knight,"S1, Ep4",S1,6.7,Knight Rider
Knight of the Hunter,"S1, Ep5",S1,7.1,Knight Rider
Knight of the Living Dead,"S1, Ep6",S1,6.7,Knight Rider
I Wanna Rock and Roll All Knight,"S1, Ep7",S1,6.6,Knight Rider
Knight of the Zodiac,"S1, Ep8",S1,7.0,Knight Rider
Knight Fever,"S1, Ep9",S1,6.6,Knight Rider
Don't Stop the Knight,"S1, Ep10",S1,7.2,Knight Rider
Day Turns Into Knight,"S1, Ep11",S1,7.3,Knight Rider
Knight to King's Pawn,"S1, Ep12",S1,7.3,Knight Rider
"Exit Light, Enter Knight","S1, Ep13",S1,7.3,Knight Rider
Fight Knight,"S1, Ep14",S1,6.9,Knight Rider
Fly by Knight,"S1, Ep15",S1,6.8,Knight Rider
Knight and the City,"S1, Ep16",S1,7.0,Knight Rider
I Love the Knight Life,"S1, Ep17",S1,7.0,Knight Rider
Pilot,"S1, Ep1",S1,7.2,Hello Ladies
The Limo,"S1, Ep2",S1,7.5,Hello Ladies
The Date,"S1, Ep3",S1,7.7,Hello Ladies
The Dinner,"S1, Ep4",S1,7.9,Hello Ladies
Pool Party,"S1, Ep5",S1,7.5,Hello Ladies
Long Beach,"S1, Ep6",S1,7.8,Hello Ladies
The Wedding,"S1, Ep7",S1,8.0,Hello Ladies
The Drive,"S1, Ep8",S1,8.0,Hello Ladies
Hello Ladies: The Movie,"S2, Ep0",S2,6.7,Hello Ladies
In the Dark Night of the Soul It's Always 3:30 in the Morning,"S1, Ep1",S1,8.2,The Morning Show
A Seat at the Table,"S1, Ep2",S1,8.6,The Morning Show
Chaos Is the New Cocaine,"S1, Ep3",S1,8.4,The Morning Show
That Woman,"S1, Ep4",S1,8.9,The Morning Show
"No One's Gonna Harm You, Not While I'm Around","S1, Ep5",S1,8.1,The Morning Show
The Pendulum Swings,"S1, Ep6",S1,8.2,The Morning Show
Open Waters,"S1, Ep7",S1,8.2,The Morning Show
Lonely at the Top,"S1, Ep8",S1,8.7,The Morning Show
Play the Queen,"S1, Ep9",S1,8.7,The Morning Show
The Interview,"S1, Ep10",S1,9.7,The Morning Show
The Name of the Game,"S1, Ep1",S1,8.8,The Boys
Cherry,"S1, Ep2",S1,8.6,The Boys
Get Some,"S1, Ep3",S1,8.5,The Boys
The Female of the Species,"S1, Ep4",S1,8.8,The Boys
Good for the Soul,"S1, Ep5",S1,8.5,The Boys
The Innocents,"S1, Ep6",S1,8.3,The Boys
The Self-Preservation Society,"S1, Ep7",S1,8.8,The Boys
You Found Me,"S1, Ep8",S1,9.1,The Boys
The Big Ride,"S2, Ep1",S2,8.3,The Boys
Proper Preparation and Planning,"S2, Ep2",S2,7.9,The Boys
Over the Hill with the Swords of a Thousand Men,"S2, Ep3",S2,9.1,The Boys
Nothing Like It in the World,"S2, Ep4",S2,8.1,The Boys
We Gotta Go Now,"S2, Ep5",S2,8.5,The Boys
The Bloody Doors Off,"S2, Ep6",S2,9.1,The Boys
"Butcher, Baker, Candlestick Maker","S2, Ep7",S2,9.1,The Boys
What I Know,"S2, Ep8",S2,9.5,The Boys
Sonnie's Edge,"S1, Ep1",S1,8.3,"Love, Death & Robots"
Three Robots,"S1, Ep2",S1,8.0,"Love, Death & Robots"
The Witness,"S1, Ep3",S1,7.8,"Love, Death & Robots"
Suits,"S1, Ep4",S1,7.5,"Love, Death & Robots"
Sucker of Souls,"S1, Ep5",S1,6.5,"Love, Death & Robots"
When the Yogurt Took Over,"S1, Ep6",S1,6.9,"Love, Death & Robots"
Beyond the Aquila Rift,"S1, Ep7",S1,8.6,"Love, Death & Robots"
Good Hunting,"S1, Ep8",S1,8.1,"Love, Death & Robots"
The Dump,"S1, Ep9",S1,6.3,"Love, Death & Robots"
Shape-Shifters,"S1, Ep10",S1,7.5,"Love, Death & Robots"
Helping Hand,"S1, Ep11",S1,7.5,"Love, Death & Robots"
Fish Night,"S1, Ep12",S1,6.4,"Love, Death & Robots"
Lucky 13,"S1, Ep13",S1,7.5,"Love, Death & Robots"
Zima Blue,"S1, Ep14",S1,8.4,"Love, Death & Robots"
Blind Spot,"S1, Ep15",S1,6.4,"Love, Death & Robots"
Ice Age,"S1, Ep16",S1,7.0,"Love, Death & Robots"
Alternate Histories,"S1, Ep17",S1,6.4,"Love, Death & Robots"
The Secret War,"S1, Ep18",S1,8.2,"Love, Death & Robots"
Limbic Resonance,"S1, Ep1",S1,7.6,Sense8
I Am Also A We,"S1, Ep2",S1,8.1,Sense8
Smart Money's on the Skinny Bitch,"S1, Ep3",S1,8.4,Sense8
What's Going On?,"S1, Ep4",S1,8.9,Sense8
Art Is Like Religion,"S1, Ep5",S1,8.4,Sense8
Demons,"S1, Ep6",S1,8.5,Sense8
WWN Double-D?,"S1, Ep7",S1,8.6,Sense8
We Will All Be Judged by the Courage of Our Hearts,"S1, Ep8",S1,8.9,Sense8
Death Doesn't Let You Say Goodbye,"S1, Ep9",S1,8.4,Sense8
What Is Human?,"S1, Ep10",S1,9.0,Sense8
Just Turn the Wheel and the Future Changes,"S1, Ep11",S1,9.1,Sense8
I Can't Leave Her,"S1, Ep12",S1,9.3,Sense8
Happy F*cking New Year.,"S2, Ep1",S2,8.8,Sense8
Who Am I?,"S2, Ep2",S2,9.1,Sense8
Obligate Mutualisms,"S2, Ep3",S2,9.0,Sense8
Polyphony,"S2, Ep4",S2,8.7,Sense8
Fear Never Fixed Anything,"S2, Ep5",S2,8.9,Sense8
"Isolated Above, Connected Below","S2, Ep6",S2,8.9,Sense8
I Have No Room in My Heart for Hate,"S2, Ep7",S2,8.8,Sense8
All I Want Right Now Is One More Bullet,"S2, Ep8",S2,9.1,Sense8
What Family Actually Means,"S2, Ep9",S2,9.1,Sense8
"If All the World's a Stage, Identity Is Nothing But a Costume","S2, Ep10",S2,9.2,Sense8
You Want a War?,"S2, Ep11",S2,9.5,Sense8
Amor Vincit Omnia,"S2, Ep12",S2,9.0,Sense8
It's Summer and We're Running Out of Ice,"S1, Ep1",S1,8.0,Watchmen
Martial Feats of Comanche Horsemanship,"S1, Ep2",S1,8.0,Watchmen
She Was Killed by Space Junk,"S1, Ep3",S1,8.5,Watchmen
"If You Don't Like My Story, Write Your Own","S1, Ep4",S1,8.0,Watchmen
Little Fear of Lightning,"S1, Ep5",S1,9.0,Watchmen
This Extraordinary Being,"S1, Ep6",S1,9.2,Watchmen
An Almost Religious Awe,"S1, Ep7",S1,9.0,Watchmen
A God Walks into Abar,"S1, Ep8",S1,9.5,Watchmen
See How They Fly,"S1, Ep9",S1,8.8,Watchmen
1:23:45,"S1, Ep1",S1,9.5,Chernobyl
Please Remain Calm,"S1, Ep2",S1,9.6,Chernobyl
"Open Wide, O Earth","S1, Ep3",S1,9.6,Chernobyl
The Happiness of All Mankind,"S1, Ep4",S1,9.5,Chernobyl
Vichnaya Pamyat,"S1, Ep5",S1,9.9,Chernobyl
New World Order,"S1, Ep1",S1,8.0,The Falcon and the Winter Soldier
Chapter One: Make Your Mark,"S1, Ep1",S1,8.2,Barry
Chapter Two: Use It,"S1, Ep2",S1,7.7,Barry
Chapter Three: Make the Unsafe Choice,"S1, Ep3",S1,7.9,Barry
Chapter Four: Commit ... to YOU,"S1, Ep4",S1,7.8,Barry
Chapter Five: Do Your Job,"S1, Ep5",S1,8.4,Barry
"Chapter Six: Listen with Your Ears, React with Your Face","S1, Ep6",S1,8.5,Barry
"Chapter Seven: Loud, Fast, and Keep Going","S1, Ep7",S1,9.3,Barry
Chapter Eight: Know Your Truth,"S1, Ep8",S1,9.0,Barry
"The Show Must Go On, Probably?","S2, Ep1",S2,8.4,Barry
The Power of No,"S2, Ep2",S2,8.0,Barry
Past = Present x Future Over Yesterday,"S2, Ep3",S2,8.6,Barry
What?!,"S2, Ep4",S2,9.2,Barry
ronny/lily,"S2, Ep5",S2,9.8,Barry
The Truth Has a Ring to It,"S2, Ep6",S2,8.5,Barry
The Audition,"S2, Ep7",S2,9.1,Barry
berkman > block,"S2, Ep8",S2,9.4,Barry
Past Transgressions,"S1, Ep1",S1,8.9,Spartacus: Gods of the Arena
Missio,"S1, Ep2",S1,8.5,Spartacus: Gods of the Arena
Paterfamilias,"S1, Ep3",S1,8.1,Spartacus: Gods of the Arena
Beneath the Mask,"S1, Ep4",S1,8.1,Spartacus: Gods of the Arena
Reckoning,"S1, Ep5",S1,8.6,Spartacus: Gods of the Arena
The Bitter End,"S1, Ep6",S1,9.1,Spartacus: Gods of the Arena
Part 1,"S1, Ep1",S1,8.7,Twin Peaks
Part 2,"S1, Ep2",S1,8.8,Twin Peaks
Part 3,"S1, Ep3",S1,8.5,Twin Peaks
Part 4,"S1, Ep4",S1,8.6,Twin Peaks
Part 5,"S1, Ep5",S1,8.2,Twin Peaks
Part 6,"S1, Ep6",S1,8.2,Twin Peaks
Part 7,"S1, Ep7",S1,8.8,Twin Peaks
Part 8,"S1, Ep8",S1,8.9,Twin Peaks
Part 9,"S1, Ep9",S1,8.4,Twin Peaks
Part 10,"S1, Ep10",S1,8.3,Twin Peaks
Part 11,"S1, Ep11",S1,9.1,Twin Peaks
Part 12,"S1, Ep12",S1,7.8,Twin Peaks
Part 13,"S1, Ep13",S1,8.5,Twin Peaks
Part 14,"S1, Ep14",S1,9.1,Twin Peaks
Part 15,"S1, Ep15",S1,8.8,Twin Peaks
Part 16,"S1, Ep16",S1,9.6,Twin Peaks
Part 17,"S1, Ep17",S1,9.4,Twin Peaks
Part 18,"S1, Ep18",S1,8.8,Twin Peaks
The Myth of the House,"S1, Ep1",S1,8.6,Paranormal
The Myth of the Curse of the Pharaoh,"S1, Ep2",S1,8.1,Paranormal
The Myth of the Guardian of The Cave,"S1, Ep3",S1,7.3,Paranormal
The Myth of the Naiad,"S1, Ep4",S1,8.6,Paranormal
The Myth of the Incubus,"S1, Ep5",S1,9.1,Paranormal
The Myth of the House: The Return,"S1, Ep6",S1,9.3,Paranormal
We Only See Each Other at Weddings and Funerals,"S1, Ep1",S1,7.9,The Umbrella Academy
Run Boy Run,"S1, Ep2",S1,7.8,The Umbrella Academy
Extra Ordinary,"S1, Ep3",S1,7.9,The Umbrella Academy
Man on the Moon,"S1, Ep4",S1,8.1,The Umbrella Academy
Number Five,"S1, Ep5",S1,8.3,The Umbrella Academy
The Day That Wasn't,"S1, Ep6",S1,8.4,The Umbrella Academy
The Day That Was,"S1, Ep7",S1,8.2,The Umbrella Academy
I Heard a Rumor,"S1, Ep8",S1,8.6,The Umbrella Academy
Changes,"S1, Ep9",S1,8.6,The Umbrella Academy
The White Violin,"S1, Ep10",S1,8.8,The Umbrella Academy
Right Back Where We Started,"S2, Ep1",S2,8.4,The Umbrella Academy
The Frankel Footage,"S2, Ep2",S2,8.2,The Umbrella Academy
The Swedish Job,"S2, Ep3",S2,8.4,The Umbrella Academy
The Majestic 12,"S2, Ep4",S2,8.2,The Umbrella Academy
Valhalla,"S2, Ep5",S2,8.3,The Umbrella Academy
A Light Supper,"S2, Ep6",S2,8.4,The Umbrella Academy
Öga for Öga,"S2, Ep7",S2,8.6,The Umbrella Academy
The Seven Stages,"S2, Ep8",S2,8.7,The Umbrella Academy
743,"S2, Ep9",S2,8.9,The Umbrella Academy
The End of Something,"S2, Ep10",S2,9.1,The Umbrella Academy
Out of the Past,"S1, Ep1",S1,8.0,Altered Carbon
Fallen Angel,"S1, Ep2",S1,7.9,Altered Carbon
In a Lonely Place,"S1, Ep3",S1,8.1,Altered Carbon
Force of Evil,"S1, Ep4",S1,8.6,Altered Carbon
The Wrong Man,"S1, Ep5",S1,8.4,Altered Carbon
Man with My Face,"S1, Ep6",S1,8.3,Altered Carbon
Nora Inu,"S1, Ep7",S1,8.3,Altered Carbon
Clash by Night,"S1, Ep8",S1,8.3,Altered Carbon
Rage in Heaven,"S1, Ep9",S1,8.5,Altered Carbon
The Killers,"S1, Ep10",S1,8.5,Altered Carbon
Phantom Lady,"S2, Ep1",S2,6.4,Altered Carbon
Payment Deferred,"S2, Ep2",S2,6.4,Altered Carbon
Nightmare Alley,"S2, Ep3",S2,6.7,Altered Carbon
Shadow of a Doubt,"S2, Ep4",S2,6.5,Altered Carbon
I Wake Up Screaming,"S2, Ep5",S2,6.5,Altered Carbon
Bury Me Dead,"S2, Ep6",S2,7.0,Altered Carbon
Experiment Perilous,"S2, Ep7",S2,6.6,Altered Carbon
Broken Angels,"S2, Ep8",S2,6.7,Altered Carbon
The End's Beginning,"S1, Ep1",S1,8.4,The Witcher
Four Marks,"S1, Ep2",S1,7.9,The Witcher
Betrayer Moon,"S1, Ep3",S1,8.7,The Witcher
"Of Banquets, Bastards and Burials","S1, Ep4",S1,8.6,The Witcher
Bottled Appetites,"S1, Ep5",S1,8.4,The Witcher
Rare Species,"S1, Ep6",S1,8.3,The Witcher
Before a Fall,"S1, Ep7",S1,8.5,The Witcher
Much More,"S1, Ep8",S1,8.9,The Witcher
Part One,"S1, Ep1",S1,9.0,When They See Us
Part Two,"S1, Ep2",S1,9.1,When They See Us
Part Three,"S1, Ep3",S1,8.5,When They See Us
Part Four,"S1, Ep4",S1,9.6,When They See Us
Filmed Before a Live Studio Audience,"S1, Ep1",S1,7.5,WandaVision
Don't Touch That Dial,"S1, Ep2",S1,7.8,WandaVision
Now in Color,"S1, Ep3",S1,8.2,WandaVision
We Interrupt This Program,"S1, Ep4",S1,8.9,WandaVision
On a Very Special Episode...,"S1, Ep5",S1,9.1,WandaVision
All-New Halloween Spooktacular!,"S1, Ep6",S1,8.9,WandaVision
Breaking the Fourth Wall,"S1, Ep7",S1,8.5,WandaVision
Previously On,"S1, Ep8",S1,9.0,WandaVision
The Series Finale,"S1, Ep9",S1,8.5,WandaVision
Incident on and Off a Mountain Road,"S1, Ep1",S1,6.5,Masters of Horror
Dreams in the Witch-House,"S1, Ep2",S1,6.5,Masters of Horror
Dance of the Dead,"S1, Ep3",S1,5.0,Masters of Horror
Jenifer,"S1, Ep4",S1,6.3,Masters of Horror
Chocolate,"S1, Ep5",S1,5.0,Masters of Horror
Homecoming,"S1, Ep6",S1,6.0,Masters of Horror
Deer Woman,"S1, Ep7",S1,6.4,Masters of Horror
John Carpenter's Cigarette Burns,"S1, Ep8",S1,7.6,Masters of Horror
The Fair Haired Child,"S1, Ep9",S1,6.5,Masters of Horror
Sick Girl,"S1, Ep10",S1,6.4,Masters of Horror
Pick Me Up,"S1, Ep11",S1,6.4,Masters of Horror
Haeckel's Tale,"S1, Ep12",S1,6.1,Masters of Horror
Imprint,"S1, Ep13",S1,7.0,Masters of Horror
The Damned Thing,"S2, Ep1",S2,5.3,Masters of Horror
Family,"S2, Ep2",S2,7.2,Masters of Horror
The V Word,"S2, Ep3",S2,5.1,Masters of Horror
Sounds Like,"S2, Ep4",S2,6.2,Masters of Horror
Pro-Life,"S2, Ep5",S2,5.6,Masters of Horror
Pelts,"S2, Ep6",S2,6.5,Masters of Horror
The Screwfly Solution,"S2, Ep7",S2,6.4,Masters of Horror
Valerie on the Stairs,"S2, Ep8",S2,5.7,Masters of Horror
Right to Die,"S2, Ep9",S2,6.3,Masters of Horror
We All Scream for Ice Cream,"S2, Ep10",S2,5.3,Masters of Horror
The Black Cat,"S2, Ep11",S2,6.8,Masters of Horror
The Washingtonians,"S2, Ep12",S2,5.5,Masters of Horror
Dream Cruise,"S2, Ep13",S2,5.1,Masters of Horror
Episode #1.1,"S1, Ep1",S1,8.6,Taboo
Episode #1.2,"S1, Ep2",S1,8.4,Taboo
Episode #1.3,"S1, Ep3",S1,8.3,Taboo
Episode #1.4,"S1, Ep4",S1,8.8,Taboo
Episode #1.5,"S1, Ep5",S1,8.4,Taboo
Episode #1.6,"S1, Ep6",S1,8.8,Taboo
Episode #1.7,"S1, Ep7",S1,8.9,Taboo
Episode #1.8,"S1, Ep8",S1,9.2,Taboo
3 AM,"S1, Ep1",S1,8.6,The Punisher
Two Dead Men,"S1, Ep2",S1,8.3,The Punisher
Kandahar,"S1, Ep3",S1,8.5,The Punisher
Resupply,"S1, Ep4",S1,8.4,The Punisher
Gunner,"S1, Ep5",S1,8.7,The Punisher
The Judas Goat,"S1, Ep6",S1,8.3,The Punisher
Crosshairs,"S1, Ep7",S1,8.7,The Punisher
Cold Steel,"S1, Ep8",S1,8.9,The Punisher
Front Toward Enemy,"S1, Ep9",S1,9.0,The Punisher
Virtue of the Vicious,"S1, Ep10",S1,9.2,The Punisher
Danger Close,"S1, Ep11",S1,9.3,The Punisher
Home,"S1, Ep12",S1,9.5,The Punisher
Memento Mori,"S1, Ep13",S1,9.2,The Punisher
Roadhouse Blues,"S2, Ep1",S2,9.0,The Punisher
Fight or Flight,"S2, Ep2",S2,8.2,The Punisher
Trouble the Water,"S2, Ep3",S2,8.9,The Punisher
Scar Tissue,"S2, Ep4",S2,7.8,The Punisher
One-Eyed Jacks,"S2, Ep5",S2,8.4,The Punisher
Nakazat,"S2, Ep6",S2,8.1,The Punisher
One Bad Day,"S2, Ep7",S2,8.4,The Punisher
My Brother's Keeper,"S2, Ep8",S2,8.3,The Punisher
Flustercluck,"S2, Ep9",S2,8.3,The Punisher
The Dark Hearts of Men,"S2, Ep10",S2,8.8,The Punisher
The Abyss,"S2, Ep11",S2,8.5,The Punisher
Collision Course,"S2, Ep12",S2,8.9,The Punisher
The Whirlwind,"S2, Ep13",S2,9.1,The Punisher
Openings,"S1, Ep1",S1,8.5,The Queen's Gambit
Exchanges,"S1, Ep2",S1,8.8,The Queen's Gambit
Doubled Pawns,"S1, Ep3",S1,8.5,The Queen's Gambit
Middle Game,"S1, Ep4",S1,8.5,The Queen's Gambit
Fork,"S1, Ep5",S1,8.3,The Queen's Gambit
Adjournment,"S1, Ep6",S1,8.5,The Queen's Gambit
End Game,"S1, Ep7",S1,9.3,The Queen's Gambit
